{
  "libero_object_no_noops": {
    "action": {
      "mean": [
        0.07096529006958008,
        0.13498851656913757,
        -0.04601382836699486,
        0.00123520044144243,
        0.006998839322477579,
        -0.015027612447738647,
        0.46428999304771423
      ],
      "std": [
        0.2681235373020172,
        0.43846824765205383,
        0.4474974274635315,
        0.024446550756692886,
        0.049355510622262955,
        0.042107198387384415,
        0.49879148602485657
      ],
      "max": [
        0.9375,
        0.8919642567634583,
        0.9375,
        0.17678570747375488,
        0.35035714507102966,
        0.1810714304447174,
        1.0
      ],
      "min": [
        -0.8839285969734192,
        -0.9375,
        -0.9375,
        -0.15000000596046448,
        -0.29035714268684387,
        -0.32892856001853943,
        0.0
      ],
      "q01": [
        -0.5383928418159485,
        -0.8758928775787354,
        -0.9375,
        -0.06964285671710968,
        -0.11678571254014969,
        -0.15964286029338837,
        0.0
      ],
      "q99": [
        0.8464285731315613,
        0.84375,
        0.9375,
        0.08142857253551483,
        0.14892856776714325,
        0.0867857113480568,
        1.0
      ],
      "mask": [
        true,
        true,
        true,
        true,
        true,
        true,
        false
      ]
    },
    "proprio": {
      "mean": [
        -0.02999030612409115,
        -0.007947085425257683,
        0.20293472707271576,
        3.1086409091949463,
        -0.21404768526554108,
        -0.11307074874639511,
        0.029380427673459053,
        -0.030556727200746536
      ],
      "std": [
        0.06694897264242172,
        0.17608462274074554,
        0.07807064801454544,
        0.0868484303355217,
        0.33540457487106323,
        0.20728276669979095,
        0.00956575945019722,
        0.009197483770549297
      ],
      "max": [
        0.14580604434013367,
        0.33216384053230286,
        0.3857804834842682,
        3.4003844261169434,
        0.7954911589622498,
        0.6642207503318787,
        0.04104341194033623,
        -0.00018117300351150334
      ],
      "min": [
        -0.1765444278717041,
        -0.29457300901412964,
        0.008128180168569088,
        2.2890501022338867,
        -1.883241891860962,
        -1.0600427389144897,
        0.0006495157140307128,
        -0.041782498359680176
      ],
      "q01": [
        -0.14911890715360643,
        -0.25978428691625594,
        0.009925739830359817,
        2.7545341420173646,
        -1.3996034812927245,
        -0.6867720144987106,
        0.008197814421728254,
        -0.04015838988125324
      ],
      "q99": [
        0.09063626825809479,
        0.29066365867853167,
        0.3370887073874472,
        3.2611824750900267,
        0.32092821151018125,
        0.4037663781642913,
        0.039891827926039694,
        -0.009106044843792932
      ]
    },
    "num_transitions": 66984,
    "num_trajectories": 454
  }
}